EmployeeID,Age,Gender,Department,JobRole,MonthlyIncome,YearsAtCompany,YearsSinceLastPromotion,JobSatisfaction,WorkLifeBalance,EducationLevel,TrainingHoursLastYear,OverTime,PerformanceRating,Attrition
1001,50,Female,IT,Software Engineer,118694,10,7,1,1,2,74,Yes,3,Yes
1002,45,Male,IT,DevOps Engineer,141324,3,7,4,3,5,1,No,4,No
1003,51,Male,IT,Software Engineer,20311,20,0,4,2,5,48,Yes,3,Yes
1004,49,Male,R&D,Lab Technician,17747,15,2,4,3,4,63,No,1,No
1005,24,Female,IT,Software Engineer,84092,18,6,1,1,2,3,No,1,No
1006,35,Female,Sales,Sales Executive,83148,1,3,4,3,4,70,Yes,4,Yes
1007,29,Female,Finance,Accountant,125510,2,0,4,2,4,1,No,2,No
1008,25,Female,IT,DevOps Engineer,24692,17,9,4,2,2,61,Yes,4,No
1009,35,Female,IT,DevOps Engineer,26534,7,6,4,1,5,79,No,5,No
1010,39,Male,IT,Software Engineer,97798,20,7,2,1,4,59,No,4,Yes
1011,50,Female,Sales,Sales Executive,66214,12,0,1,3,1,0,No,4,No
1012,29,Female,HR,HR Executive,139375,10,2,1,4,3,34,No,1,Yes
1013,26,Male,HR,HR Executive,149633,6,9,1,4,1,71,Yes,4,Yes
1014,55,Male,Finance,Financial Analyst,67256,15,6,3,2,5,43,No,3,Yes
1015,56,Male,IT,Software Engineer,128252,14,2,1,1,2,13,No,3,No
1016,30,Male,HR,HR Executive,146278,14,9,2,4,5,50,No,1,Yes
1017,53,Female,Finance,Financial Analyst,102939,4,6,3,1,3,28,Yes,4,No
1018,34,Female,Sales,Sales Executive,77623,6,10,3,2,4,65,No,2,Yes
1019,27,Male,Finance,Financial Analyst,110259,11,3,2,2,3,61,Yes,1,Yes
1020,22,Male,IT,Software Engineer,143376,19,8,3,3,3,8,Yes,5,Yes
1021,54,Female,Finance,Accountant,28545,11,7,3,3,1,51,No,1,No
1022,33,Male,Finance,Financial Analyst,67733,6,1,3,1,5,55,Yes,1,No
1023,23,Female,HR,HR Executive,127859,4,0,1,3,2,52,No,4,Yes
1024,47,Female,Finance,Accountant,85467,10,7,3,1,5,69,Yes,3,Yes
1025,37,Male,HR,HR Executive,108384,5,2,4,4,3,35,No,3,No
1026,47,Female,R&D,Research Scientist,49754,18,3,4,3,4,32,No,2,No
1027,22,Male,HR,HR Manager,147874,17,6,3,2,2,6,Yes,4,Yes
1028,37,Male,R&D,Research Scientist,111601,15,8,4,4,1,1,No,1,Yes
1029,33,Male,R&D,Research Scientist,35932,4,10,3,1,1,18,No,3,Yes
1030,41,Female,Sales,Sales Manager,21295,0,7,4,3,1,71,Yes,4,Yes
1031,41,Female,HR,HR Manager,141063,2,8,1,2,2,65,No,3,No
1032,37,Male,IT,Software Engineer,65108,8,3,1,4,1,13,Yes,5,Yes
1033,41,Male,R&D,Research Scientist,73871,7,6,3,1,1,47,Yes,4,Yes
1034,43,Male,IT,Software Engineer,34830,13,5,2,1,3,53,Yes,3,No
1035,48,Male,IT,DevOps Engineer,64377,20,0,4,3,1,68,No,4,No
1036,40,Female,Sales,Sales Executive,117946,16,0,4,4,5,45,Yes,5,No
1037,27,Male,Finance,Accountant,78208,4,7,1,1,5,59,Yes,1,Yes
1038,42,Female,HR,HR Manager,21102,0,2,4,2,1,53,No,2,Yes
1039,24,Male,IT,DevOps Engineer,51631,17,5,3,2,3,1,Yes,2,No
1040,38,Male,HR,HR Executive,120864,10,5,4,3,5,41,Yes,2,Yes
1041,56,Male,R&D,Lab Technician,44592,12,9,3,1,4,44,No,4,No
1042,22,Male,Finance,Accountant,92575,13,2,3,3,4,65,No,3,Yes
1043,46,Male,R&D,Research Scientist,67921,16,3,2,2,3,59,Yes,5,No
1044,54,Female,Sales,Sales Executive,18051,11,4,3,4,5,46,No,3,No
1045,37,Male,Finance,Accountant,109476,17,9,2,3,1,62,No,3,Yes
1046,49,Female,Finance,Financial Analyst,118481,4,9,1,2,1,11,No,5,No
1047,22,Male,R&D,Lab Technician,81617,0,1,4,2,1,0,Yes,5,No
1048,26,Male,Sales,Sales Executive,128429,2,9,4,3,5,56,No,5,No
1049,35,Male,R&D,Lab Technician,24435,4,0,2,2,4,68,Yes,4,No
1050,37,Male,IT,Software Engineer,136172,6,3,1,2,5,22,Yes,2,Yes
1051,31,Male,Sales,Sales Manager,113116,3,1,4,3,2,18,Yes,2,Yes
1052,53,Female,R&D,Research Scientist,56975,4,3,4,4,2,31,No,3,Yes
1053,41,Male,Sales,Sales Manager,26938,0,0,1,3,3,11,No,3,No
1054,22,Female,Sales,Sales Manager,53304,7,9,3,4,5,12,No,4,Yes
1055,52,Female,IT,Software Engineer,18373,1,2,2,3,1,7,Yes,5,Yes
1056,47,Male,Sales,Sales Manager,90353,1,2,1,3,4,57,No,5,Yes
1057,32,Female,Sales,Sales Manager,146484,3,8,1,1,1,35,Yes,2,Yes
1058,58,Male,R&D,Lab Technician,33888,2,0,3,4,4,23,No,5,Yes
1059,33,Female,IT,Software Engineer,86180,2,8,2,1,1,61,Yes,4,No
1060,46,Female,R&D,Research Scientist,134180,18,0,4,4,5,18,No,4,No
1061,30,Female,HR,HR Executive,74163,13,3,3,2,5,68,No,3,No
1062,33,Female,IT,Software Engineer,102508,3,4,3,4,1,38,No,5,No
1063,35,Female,HR,HR Executive,141174,4,2,3,1,3,74,Yes,2,No
1064,33,Male,R&D,Lab Technician,16542,13,7,2,1,2,26,Yes,2,Yes
1065,23,Female,Sales,Sales Executive,103092,4,5,3,4,5,64,Yes,4,No
1066,38,Female,Sales,Sales Executive,147396,3,3,2,4,3,60,No,4,Yes
1067,48,Male,HR,HR Executive,40289,18,6,2,3,5,12,Yes,2,Yes
1068,49,Male,R&D,Lab Technician,18709,19,7,1,3,1,38,Yes,1,No
1069,24,Male,Sales,Sales Manager,95219,16,8,4,1,5,5,Yes,2,No
1070,53,Female,Finance,Accountant,49620,14,4,4,2,5,74,Yes,4,Yes
1071,58,Female,Finance,Accountant,106362,18,3,1,2,1,48,Yes,1,Yes
1072,24,Female,Finance,Financial Analyst,93859,9,7,2,4,4,7,Yes,2,Yes
1073,49,Female,Sales,Sales Manager,76529,7,9,4,2,4,40,No,4,Yes
1074,48,Female,HR,HR Manager,136790,16,8,1,1,4,76,No,4,Yes
1075,50,Male,IT,QA Engineer,42532,13,2,1,2,2,68,No,1,Yes
1076,23,Female,IT,DevOps Engineer,73141,17,10,1,1,1,64,No,2,No
1077,53,Female,Finance,Accountant,127816,10,4,2,3,1,58,Yes,3,Yes
1078,34,Male,Finance,Accountant,33017,8,2,3,1,5,54,No,4,No
1079,38,Male,HR,HR Manager,113142,4,5,3,1,5,52,No,5,No
1080,31,Female,Finance,Financial Analyst,136288,13,0,3,1,5,3,No,1,No
1081,53,Female,Sales,Sales Manager,107193,7,6,2,2,2,53,Yes,3,Yes
1082,33,Male,HR,HR Manager,130765,11,4,2,2,3,56,No,1,No
1083,44,Female,Sales,Sales Manager,59238,4,4,2,2,3,50,No,4,No
1084,55,Female,Finance,Accountant,21949,17,1,2,2,3,50,Yes,2,Yes
1085,54,Male,HR,HR Manager,112239,14,6,2,3,1,4,Yes,5,Yes
1086,25,Male,Sales,Sales Executive,70479,16,9,1,4,4,68,Yes,2,Yes
1087,27,Female,Finance,Accountant,29388,1,10,3,4,3,22,No,3,Yes
1088,37,Female,R&D,Research Scientist,39071,3,7,4,4,1,66,No,3,No
1089,48,Male,Sales,Sales Executive,84724,17,9,3,3,5,4,No,2,No
1090,49,Male,R&D,Lab Technician,118081,20,5,1,1,1,11,Yes,2,No
1091,55,Male,IT,QA Engineer,123464,13,9,1,3,1,25,No,1,No
1092,43,Female,Finance,Financial Analyst,133831,16,9,4,1,1,51,Yes,2,No
1093,49,Male,Finance,Financial Analyst,88686,13,7,2,1,2,13,No,3,No
1094,28,Female,Sales,Sales Manager,33030,13,10,3,4,5,17,Yes,2,No
1095,56,Female,Sales,Sales Manager,49674,14,8,3,1,4,73,No,1,Yes
1096,38,Male,IT,Software Engineer,110462,11,8,1,1,4,24,Yes,4,Yes
1097,31,Male,Sales,Sales Executive,97152,12,1,3,4,2,7,No,1,No
1098,40,Female,R&D,Lab Technician,115776,4,5,4,2,2,58,Yes,3,Yes
1099,27,Male,Finance,Financial Analyst,18812,0,4,2,1,4,74,No,1,No
1100,24,Female,IT,QA Engineer,19324,3,7,3,2,2,74,No,4,Yes
1101,36,Female,Finance,Accountant,146189,16,7,2,3,1,65,Yes,3,Yes
1102,29,Female,Finance,Accountant,61514,12,4,2,2,4,18,No,4,No
1103,54,Male,Sales,Sales Manager,142534,0,9,2,4,5,10,Yes,4,No
1104,34,Male,R&D,Research Scientist,62362,0,5,2,4,2,4,No,2,Yes
1105,23,Male,Finance,Accountant,131748,7,1,4,1,5,72,No,1,No
1106,30,Female,Sales,Sales Manager,108070,5,6,3,2,1,68,No,4,No
1107,35,Female,Finance,Financial Analyst,82444,10,8,2,4,3,34,No,1,Yes
1108,43,Male,Finance,Accountant,102388,7,10,1,1,4,29,No,3,Yes
1109,42,Male,IT,DevOps Engineer,30524,4,2,3,2,2,61,Yes,4,Yes
1110,46,Male,Sales,Sales Executive,29060,9,8,2,4,3,37,Yes,1,Yes
1111,44,Male,IT,DevOps Engineer,117974,14,0,1,1,1,65,No,5,No
1112,27,Male,HR,HR Executive,69917,2,6,3,4,2,63,Yes,4,No
1113,36,Male,IT,DevOps Engineer,135430,0,3,2,3,3,35,No,5,No
1114,54,Male,Finance,Accountant,59028,4,10,3,1,4,65,Yes,2,Yes
1115,26,Male,HR,HR Executive,61197,5,3,1,4,4,55,No,5,No
1116,29,Female,HR,HR Executive,79772,14,3,4,1,2,26,Yes,3,No
1117,57,Female,Finance,Accountant,139714,4,3,3,2,2,37,No,2,No
1118,33,Female,Finance,Accountant,88319,17,8,1,3,4,42,Yes,4,No
1119,57,Female,HR,HR Manager,75279,4,7,3,2,1,30,No,2,Yes
1120,30,Female,R&D,Lab Technician,149869,10,6,1,2,5,20,Yes,2,No
1121,57,Female,IT,QA Engineer,139085,0,5,3,3,5,46,Yes,1,No
1122,30,Female,R&D,Lab Technician,72545,19,8,1,2,1,34,Yes,4,Yes
1123,46,Female,HR,HR Executive,23070,17,10,2,3,1,42,Yes,3,Yes
1124,45,Female,HR,HR Manager,82526,19,5,1,4,1,48,No,5,Yes
1125,43,Male,R&D,Research Scientist,34097,17,4,1,3,1,48,Yes,4,No
1126,43,Female,Finance,Accountant,111731,7,0,3,1,5,50,No,3,No
1127,40,Female,IT,Software Engineer,108501,16,7,3,2,1,77,Yes,3,No
1128,23,Female,Sales,Sales Manager,134771,16,1,2,2,3,62,No,4,No
1129,22,Female,Finance,Financial Analyst,67487,6,2,4,2,2,33,No,4,No
1130,54,Male,HR,HR Executive,120947,17,6,1,4,1,56,Yes,3,Yes
1131,45,Male,R&D,Research Scientist,45678,7,5,1,3,5,66,Yes,3,No
1132,54,Male,HR,HR Manager,100595,14,7,2,3,3,15,Yes,4,Yes
1133,58,Female,HR,HR Executive,142157,20,6,4,2,2,6,Yes,1,Yes
1134,44,Male,HR,HR Executive,133865,1,0,3,1,4,10,No,2,No
1135,23,Male,Sales,Sales Manager,109914,11,3,1,1,1,52,Yes,4,Yes
1136,56,Female,Finance,Financial Analyst,135307,11,7,1,2,3,80,No,2,Yes
1137,38,Female,IT,QA Engineer,17573,8,7,2,1,1,72,Yes,3,No
1138,25,Male,Finance,Financial Analyst,70961,12,1,3,1,3,69,Yes,2,Yes
1139,42,Male,Sales,Sales Manager,46653,1,0,1,1,2,75,Yes,5,Yes
1140,43,Female,Finance,Accountant,66226,5,10,4,2,4,52,No,2,Yes
1141,38,Female,HR,HR Manager,50737,20,9,2,4,2,53,Yes,3,Yes
1142,22,Male,IT,Software Engineer,36172,3,2,2,1,5,10,No,3,Yes
1143,57,Male,Sales,Sales Executive,26046,7,2,2,2,5,55,Yes,1,Yes
1144,57,Female,Finance,Financial Analyst,129130,2,3,3,1,3,72,No,2,No
1145,23,Female,HR,HR Manager,147596,8,8,4,1,1,60,Yes,3,Yes
1146,46,Female,HR,HR Executive,28350,2,2,2,1,4,43,Yes,3,Yes
1147,51,Male,Sales,Sales Manager,35581,1,2,1,4,3,48,Yes,5,Yes
1148,38,Female,HR,HR Manager,51408,16,7,3,4,5,80,Yes,5,No
1149,37,Female,HR,HR Manager,73053,7,8,2,1,4,14,No,3,No
1150,47,Male,IT,DevOps Engineer,105600,12,9,3,4,2,15,No,1,No
1151,44,Male,R&D,Lab Technician,102833,20,5,2,3,5,6,Yes,1,Yes
1152,29,Female,R&D,Research Scientist,56786,17,3,3,3,2,58,Yes,2,Yes
1153,38,Female,Finance,Financial Analyst,104613,2,1,3,1,3,39,Yes,2,No
1154,44,Female,Finance,Accountant,109071,16,3,1,2,1,12,No,2,No
1155,54,Male,HR,HR Manager,94273,11,1,3,3,2,33,Yes,3,No
1156,34,Female,Finance,Financial Analyst,42788,17,2,3,3,4,28,No,1,Yes
1157,50,Female,R&D,Research Scientist,88972,11,8,4,4,4,9,Yes,1,No
1158,41,Male,HR,HR Manager,47733,16,2,1,2,2,67,No,2,Yes
1159,58,Female,R&D,Lab Technician,137744,3,10,2,1,5,42,Yes,4,Yes
1160,27,Female,HR,HR Manager,146878,13,7,3,2,5,24,Yes,4,Yes
1161,25,Female,HR,HR Executive,143583,19,5,1,3,5,73,No,3,No
1162,55,Male,IT,Software Engineer,131953,8,0,2,3,5,4,Yes,1,Yes
1163,30,Female,IT,DevOps Engineer,91898,19,9,1,1,3,34,Yes,2,Yes
1164,39,Male,IT,QA Engineer,127855,2,2,2,1,5,72,Yes,4,Yes
1165,35,Female,HR,HR Manager,98300,1,10,1,4,3,28,No,1,No
1166,24,Male,Sales,Sales Manager,118320,1,9,1,3,1,4,No,3,Yes
1167,55,Male,R&D,Research Scientist,40559,14,5,4,3,5,47,No,2,No
1168,39,Female,Finance,Financial Analyst,121532,15,4,1,1,2,39,Yes,5,Yes
1169,53,Male,HR,HR Manager,130005,18,9,3,4,2,39,No,3,No
1170,34,Female,HR,HR Manager,114616,5,7,3,4,4,58,No,3,Yes
1171,34,Female,Sales,Sales Executive,112624,20,9,4,3,3,37,Yes,4,No
1172,28,Female,IT,QA Engineer,63874,12,9,1,3,2,9,No,3,No
1173,51,Male,Sales,Sales Manager,57534,17,3,2,2,5,11,Yes,2,Yes
1174,53,Male,R&D,Lab Technician,90418,16,8,1,4,2,59,No,5,Yes
1175,56,Male,R&D,Lab Technician,147079,5,2,2,3,2,62,Yes,4,Yes
1176,36,Female,Sales,Sales Executive,106357,4,5,4,4,4,67,No,3,No
1177,38,Female,Finance,Accountant,138797,16,9,2,1,2,49,No,5,No
1178,33,Male,Finance,Accountant,92475,2,3,1,4,5,10,Yes,1,Yes
1179,27,Male,HR,HR Executive,46598,14,2,3,2,2,45,No,2,Yes
1180,50,Male,IT,QA Engineer,138395,16,2,1,1,5,28,No,3,Yes
1181,53,Male,IT,QA Engineer,93797,19,5,3,3,3,80,No,4,No
1182,49,Male,Finance,Accountant,48756,20,4,3,4,3,56,No,5,No
1183,24,Male,Sales,Sales Executive,20626,0,9,4,2,2,60,Yes,3,No
1184,46,Female,R&D,Research Scientist,97711,11,1,3,4,3,71,Yes,4,Yes
1185,46,Female,Finance,Financial Analyst,97970,13,1,4,3,3,63,No,4,No
1186,45,Male,Finance,Financial Analyst,59859,2,3,2,3,1,77,Yes,1,Yes
1187,41,Female,HR,HR Manager,49531,8,5,4,1,4,62,No,5,No
1188,23,Female,HR,HR Executive,69615,7,10,4,1,1,71,No,5,No
1189,39,Female,Finance,Financial Analyst,98309,14,5,4,3,5,32,No,4,No
1190,29,Male,Finance,Financial Analyst,84298,8,0,4,1,4,19,Yes,1,No
1191,31,Female,HR,HR Executive,37431,17,0,2,1,1,76,Yes,1,Yes
1192,34,Male,R&D,Lab Technician,127755,6,1,2,3,2,45,Yes,2,No
1193,36,Female,IT,QA Engineer,83577,9,6,4,1,3,60,Yes,3,No
1194,27,Female,Sales,Sales Executive,132832,6,8,2,4,2,61,No,4,No
1195,28,Male,Sales,Sales Executive,113511,3,5,2,2,2,2,No,1,No
1196,35,Female,Sales,Sales Manager,126562,17,5,4,3,4,12,No,1,No
1197,40,Female,HR,HR Executive,138629,3,7,1,3,5,54,Yes,3,Yes
1198,39,Female,Sales,Sales Manager,120361,18,5,1,4,1,58,Yes,3,No
1199,49,Male,IT,QA Engineer,94561,18,2,1,1,1,6,No,4,No
1200,51,Female,HR,HR Manager,127340,19,4,4,4,4,19,Yes,4,Yes
1201,45,Female,Finance,Accountant,129225,16,2,4,1,4,65,Yes,2,Yes
1202,57,Female,Finance,Financial Analyst,139677,6,9,3,3,2,11,Yes,3,Yes
1203,39,Female,IT,Software Engineer,141503,20,0,3,2,4,41,No,4,No
1204,35,Female,Sales,Sales Executive,103397,1,6,1,1,5,40,No,4,No
1205,35,Male,R&D,Lab Technician,50046,19,1,3,2,1,27,No,2,No
1206,56,Female,Finance,Financial Analyst,101475,3,6,3,3,3,9,Yes,3,No
1207,35,Female,Sales,Sales Manager,91367,9,9,4,2,1,0,Yes,5,No
1208,41,Female,IT,DevOps Engineer,94530,11,0,1,4,4,27,No,1,Yes
1209,58,Male,Finance,Financial Analyst,30563,4,0,1,4,4,55,Yes,4,No
1210,36,Male,Finance,Accountant,146691,19,1,2,2,1,36,Yes,4,Yes
1211,47,Male,HR,HR Executive,147130,5,4,1,3,5,32,Yes,1,Yes
1212,35,Male,R&D,Research Scientist,134273,19,4,2,4,3,42,Yes,2,Yes
1213,46,Female,Sales,Sales Executive,104393,6,7,3,3,2,22,Yes,4,Yes
1214,41,Male,R&D,Lab Technician,54062,12,3,4,2,2,7,Yes,2,Yes
1215,42,Female,Sales,Sales Executive,138008,7,5,1,3,2,64,Yes,2,Yes
1216,31,Female,IT,Software Engineer,43625,16,9,4,3,1,75,Yes,3,Yes
1217,29,Male,Finance,Accountant,69061,3,0,1,3,5,47,No,5,No
1218,47,Female,HR,HR Executive,23125,1,1,4,2,1,32,Yes,1,Yes
1219,46,Female,R&D,Lab Technician,126279,12,8,1,1,1,74,Yes,4,Yes
1220,55,Female,Finance,Financial Analyst,129044,5,3,2,3,2,12,Yes,1,Yes
1221,44,Male,Finance,Accountant,32772,10,0,4,2,1,14,No,1,No
1222,33,Female,IT,Software Engineer,141969,6,4,3,4,5,32,No,1,No
1223,53,Female,R&D,Lab Technician,108680,2,5,2,3,3,71,No,2,Yes
1224,23,Male,IT,DevOps Engineer,92576,2,4,2,4,2,69,No,4,No
1225,50,Female,Sales,Sales Manager,16177,11,4,2,4,5,78,No,4,No
1226,57,Female,Finance,Accountant,88770,15,6,2,2,2,42,No,5,No
1227,42,Male,HR,HR Manager,79106,15,4,4,3,1,35,No,3,No
1228,36,Female,IT,Software Engineer,60379,20,5,3,2,5,67,Yes,5,No
1229,48,Female,Sales,Sales Executive,136999,9,3,2,2,2,48,Yes,5,Yes
1230,25,Female,Finance,Accountant,101365,10,6,3,4,2,38,No,5,No
1231,52,Male,R&D,Research Scientist,18654,16,9,1,2,4,67,No,1,Yes
1232,34,Female,IT,QA Engineer,52384,14,9,4,2,1,41,Yes,1,No
1233,47,Female,R&D,Research Scientist,142834,4,3,2,4,3,59,Yes,2,Yes
1234,46,Male,HR,HR Executive,80681,18,3,2,1,2,68,No,1,No
1235,56,Male,HR,HR Manager,32633,0,6,1,1,5,14,Yes,3,No
1236,49,Male,R&D,Lab Technician,55390,10,9,1,2,5,56,Yes,1,No
1237,23,Male,IT,Software Engineer,32727,2,6,1,2,3,41,No,5,No
1238,32,Male,Finance,Financial Analyst,124847,13,2,4,2,2,31,No,5,No
1239,57,Male,HR,HR Executive,126335,4,0,4,3,1,7,Yes,1,Yes
1240,27,Male,R&D,Research Scientist,83008,6,3,1,1,4,1,No,4,No
1241,26,Female,Finance,Financial Analyst,51378,20,7,2,4,2,66,No,4,No
1242,24,Female,Sales,Sales Executive,89069,5,1,3,4,2,80,No,3,No
1243,55,Female,R&D,Lab Technician,24686,19,7,2,4,2,35,Yes,5,Yes
1244,34,Male,R&D,Research Scientist,63604,14,8,3,4,2,61,Yes,1,No
1245,37,Female,Sales,Sales Executive,83619,16,7,4,3,5,22,No,4,No
1246,26,Female,IT,QA Engineer,33752,20,3,2,2,2,71,Yes,1,Yes
1247,37,Female,R&D,Research Scientist,25699,5,3,2,1,4,22,Yes,2,Yes
1248,23,Male,IT,QA Engineer,50585,8,0,3,3,4,61,No,2,Yes
1249,25,Female,HR,HR Manager,105373,2,5,3,3,4,11,No,1,No
1250,39,Female,Finance,Accountant,102468,2,7,2,2,3,79,Yes,4,No
1251,35,Female,R&D,Lab Technician,93222,20,2,2,3,2,34,Yes,2,Yes
1252,35,Female,IT,Software Engineer,119211,17,9,1,2,1,53,No,1,Yes
1253,57,Female,Finance,Financial Analyst,20901,0,5,2,1,4,2,Yes,3,Yes
1254,27,Male,Sales,Sales Executive,65200,12,4,2,4,5,67,Yes,1,No
1255,36,Male,HR,HR Manager,55108,11,3,2,1,4,62,Yes,5,Yes
1256,23,Male,HR,HR Executive,54922,4,2,2,2,1,1,Yes,3,No
1257,52,Female,IT,Software Engineer,134863,14,8,3,3,1,20,No,1,No
1258,49,Female,R&D,Lab Technician,43141,18,6,4,4,4,3,No,4,No
1259,38,Female,IT,QA Engineer,113723,5,6,2,3,5,62,No,5,No
1260,56,Female,R&D,Research Scientist,111774,13,6,1,1,5,54,Yes,2,Yes
1261,48,Male,Finance,Accountant,21548,5,4,2,3,2,38,No,5,No
1262,22,Male,IT,DevOps Engineer,75428,20,9,2,1,5,52,No,2,No
1263,58,Female,R&D,Research Scientist,146743,3,0,3,1,4,10,Yes,5,No
1264,47,Male,R&D,Lab Technician,25749,3,1,4,4,4,51,Yes,5,No
1265,42,Male,IT,QA Engineer,132360,8,0,4,1,1,0,Yes,2,Yes
1266,50,Female,Sales,Sales Manager,57080,9,1,2,4,4,20,Yes,4,Yes
1267,32,Female,HR,HR Manager,142734,1,7,3,2,1,78,No,1,No
1268,44,Female,IT,DevOps Engineer,71492,18,4,4,4,1,7,Yes,5,No
1269,29,Female,IT,DevOps Engineer,75920,10,0,1,3,3,23,No,1,No
1270,26,Female,R&D,Research Scientist,103340,7,9,3,2,4,10,Yes,4,Yes
1271,36,Female,HR,HR Manager,140426,18,10,2,1,5,7,Yes,2,Yes
1272,53,Female,IT,QA Engineer,54279,16,7,4,4,1,72,No,2,Yes
1273,36,Female,R&D,Research Scientist,112661,3,8,1,1,2,61,No,2,Yes
1274,31,Male,HR,HR Manager,49964,3,10,4,2,5,52,Yes,4,No
1275,55,Male,Finance,Accountant,60838,16,7,2,3,1,24,Yes,3,Yes
1276,35,Male,HR,HR Executive,70419,17,5,4,2,4,43,No,3,Yes
1277,42,Female,R&D,Research Scientist,92794,6,0,4,1,2,20,Yes,5,Yes
1278,42,Female,Sales,Sales Executive,30997,7,7,2,3,4,74,Yes,3,Yes
1279,46,Female,Sales,Sales Manager,58541,12,1,2,1,5,78,No,4,Yes
1280,48,Female,R&D,Research Scientist,59638,14,2,3,4,4,76,No,3,Yes
1281,58,Female,Sales,Sales Manager,82260,0,7,3,3,3,22,No,5,No
1282,51,Male,Finance,Financial Analyst,119555,14,8,4,1,2,57,Yes,1,Yes
1283,26,Female,HR,HR Executive,53787,7,2,4,4,2,9,No,5,No
1284,48,Male,IT,DevOps Engineer,91865,8,8,4,4,2,57,No,4,No
1285,38,Female,Sales,Sales Manager,130725,1,4,1,4,3,15,Yes,3,No
1286,52,Female,IT,Software Engineer,20110,5,7,3,1,2,3,No,5,Yes
1287,25,Female,Finance,Accountant,122539,9,7,2,3,2,36,No,5,Yes
1288,42,Female,Finance,Accountant,95073,5,3,4,1,5,19,Yes,1,Yes
1289,28,Female,HR,HR Executive,83099,13,2,4,1,2,54,Yes,4,Yes
1290,25,Female,IT,QA Engineer,51727,1,1,3,3,4,59,Yes,3,No
1291,40,Male,Finance,Accountant,93229,12,9,2,1,4,63,Yes,3,Yes
1292,57,Male,Sales,Sales Manager,20469,16,6,1,2,4,46,No,3,Yes
1293,54,Male,HR,HR Executive,49051,19,10,3,2,4,74,Yes,1,No
1294,47,Male,R&D,Lab Technician,18471,4,8,4,1,2,49,Yes,3,No
1295,34,Male,R&D,Research Scientist,108808,12,5,1,3,5,50,Yes,5,Yes
1296,40,Female,IT,DevOps Engineer,98369,2,9,3,1,5,63,Yes,5,No
1297,41,Female,Sales,Sales Executive,148168,20,9,4,1,4,69,Yes,2,Yes
1298,25,Male,Finance,Financial Analyst,20105,2,0,4,1,4,69,No,1,Yes
1299,52,Female,HR,HR Executive,82155,3,4,2,4,4,29,Yes,4,Yes
1300,28,Female,IT,DevOps Engineer,146234,13,7,2,4,2,76,Yes,4,Yes
1301,30,Male,R&D,Lab Technician,111044,3,7,3,4,2,56,No,5,Yes
1302,25,Male,Finance,Accountant,32073,0,10,3,2,2,31,Yes,3,No
1303,41,Male,IT,QA Engineer,80428,9,9,4,4,1,36,Yes,2,Yes
1304,42,Female,IT,QA Engineer,43228,2,6,2,1,1,18,No,3,No
1305,46,Male,HR,HR Executive,77292,11,8,1,1,1,49,No,5,No
1306,25,Female,IT,DevOps Engineer,106006,9,8,3,2,1,80,No,5,No
1307,55,Female,HR,HR Manager,33474,8,6,2,1,1,69,No,2,No
1308,22,Female,HR,HR Executive,28140,4,1,2,4,1,65,No,2,No
1309,55,Male,R&D,Lab Technician,111111,18,6,2,4,4,58,No,2,Yes
1310,56,Female,Finance,Accountant,82263,18,0,4,4,5,19,No,2,No
1311,25,Female,HR,HR Manager,93707,14,7,4,1,4,13,No,3,No
1312,49,Female,Finance,Accountant,44118,1,8,4,2,3,71,No,4,No
1313,54,Female,HR,HR Manager,56971,2,5,3,4,1,49,Yes,3,Yes
1314,40,Male,Finance,Financial Analyst,148623,11,9,4,4,4,40,Yes,4,Yes
1315,58,Male,R&D,Lab Technician,21710,8,7,2,2,4,69,Yes,4,Yes
1316,23,Female,HR,HR Manager,52711,2,2,3,2,3,39,Yes,1,Yes
1317,49,Female,Finance,Financial Analyst,104087,7,4,4,4,3,3,No,3,No
1318,53,Female,R&D,Research Scientist,140576,11,10,2,3,1,62,No,5,No
1319,42,Male,HR,HR Executive,130357,12,1,4,4,2,58,Yes,3,Yes
1320,26,Male,Finance,Financial Analyst,24752,2,0,4,1,4,33,No,2,No
1321,26,Female,Finance,Accountant,47994,8,3,2,2,3,59,No,4,Yes
1322,32,Male,IT,Software Engineer,58732,1,5,3,4,4,29,No,2,No
1323,42,Female,Finance,Accountant,135987,0,4,3,4,2,40,No,3,No
1324,39,Female,R&D,Lab Technician,48866,15,5,1,1,4,10,Yes,3,No
1325,56,Male,Sales,Sales Manager,144295,1,1,3,4,4,46,Yes,1,Yes
1326,41,Female,Sales,Sales Executive,43795,0,7,3,3,3,3,Yes,2,No
1327,46,Female,R&D,Lab Technician,78278,5,4,3,1,5,52,Yes,4,Yes
1328,35,Female,IT,QA Engineer,68798,8,2,4,1,2,5,No,3,No
1329,48,Male,Finance,Accountant,82990,1,7,2,2,4,71,No,3,Yes
1330,40,Female,Finance,Financial Analyst,27109,19,0,1,4,2,21,Yes,1,No
1331,40,Male,R&D,Research Scientist,30282,2,9,3,1,4,44,No,1,No
1332,40,Male,IT,Software Engineer,67142,19,7,2,1,5,35,No,1,Yes
1333,51,Male,Sales,Sales Manager,74711,0,7,4,1,3,52,No,3,Yes
1334,35,Male,R&D,Lab Technician,140149,8,3,3,4,4,7,No,2,No
1335,43,Male,R&D,Lab Technician,141888,15,0,4,2,4,34,No,3,No
1336,42,Male,IT,DevOps Engineer,110998,20,4,4,4,5,66,Yes,4,Yes
1337,54,Male,R&D,Lab Technician,87692,8,8,4,3,1,64,Yes,5,Yes
1338,44,Female,IT,DevOps Engineer,47174,7,5,4,2,1,18,Yes,2,No
1339,50,Female,R&D,Research Scientist,104906,5,3,1,1,3,3,No,4,No
1340,49,Female,Finance,Accountant,45795,12,2,2,4,2,33,No,3,No
1341,22,Male,IT,DevOps Engineer,57070,5,5,2,1,2,16,Yes,5,Yes
1342,33,Male,Finance,Financial Analyst,43933,7,2,4,2,1,56,No,5,No
1343,56,Female,HR,HR Manager,88869,2,3,4,1,5,60,No,1,No
1344,29,Female,HR,HR Executive,111038,20,4,1,4,2,53,Yes,1,Yes
1345,30,Male,HR,HR Manager,85448,8,0,4,1,3,58,Yes,1,Yes
1346,34,Female,IT,QA Engineer,37207,10,2,3,1,5,0,No,4,No
1347,40,Female,Sales,Sales Manager,59363,7,7,1,1,5,11,Yes,5,No
1348,54,Female,Finance,Financial Analyst,149393,4,7,1,3,5,46,No,1,No
1349,41,Female,IT,Software Engineer,38377,17,1,4,2,1,35,No,2,Yes
1350,58,Male,Sales,Sales Manager,49542,7,3,1,1,4,14,Yes,1,Yes
1351,23,Female,R&D,Lab Technician,101120,9,1,3,3,5,9,Yes,2,Yes
1352,30,Female,Finance,Accountant,120848,6,2,4,2,3,1,No,5,No
1353,24,Female,HR,HR Executive,37785,16,8,2,4,3,64,Yes,5,Yes
1354,36,Female,Sales,Sales Manager,89964,16,8,3,4,1,37,Yes,4,No
1355,42,Female,R&D,Lab Technician,136251,2,6,1,1,2,29,Yes,4,Yes
1356,55,Female,IT,QA Engineer,115127,2,2,4,4,1,62,No,3,No
1357,53,Male,HR,HR Executive,90769,3,0,4,3,2,55,No,4,No
1358,58,Male,IT,Software Engineer,83803,4,7,1,1,4,18,No,5,No
1359,31,Male,R&D,Lab Technician,55379,17,2,3,3,3,10,Yes,1,No
1360,26,Male,R&D,Lab Technician,94239,1,3,4,4,1,30,No,4,Yes
1361,26,Female,HR,HR Manager,57359,2,10,1,4,2,26,No,3,No
1362,48,Female,IT,QA Engineer,135956,14,4,2,2,5,36,Yes,2,No
1363,58,Male,R&D,Lab Technician,46778,5,3,2,4,1,28,No,5,No
1364,38,Male,R&D,Research Scientist,74500,15,5,4,1,5,48,No,5,No
1365,55,Male,R&D,Lab Technician,23556,20,10,3,3,3,41,Yes,2,Yes
1366,53,Male,R&D,Research Scientist,141060,18,9,1,1,4,20,Yes,4,Yes
1367,32,Female,Finance,Accountant,146430,3,2,1,4,5,12,Yes,2,Yes
1368,32,Male,R&D,Lab Technician,70568,2,1,4,2,1,23,Yes,2,Yes
1369,40,Female,R&D,Lab Technician,92988,6,4,4,4,5,16,No,5,No
1370,57,Female,Sales,Sales Manager,107021,18,10,1,2,3,53,No,5,No
1371,33,Male,R&D,Lab Technician,91021,20,5,3,3,4,4,Yes,1,No
1372,41,Male,R&D,Lab Technician,81093,11,5,1,3,3,25,No,4,No
1373,53,Female,Sales,Sales Manager,93518,3,5,3,1,3,74,No,1,No
1374,38,Male,HR,HR Manager,128613,17,2,3,3,4,6,No,5,Yes
1375,56,Male,Finance,Financial Analyst,140438,8,7,4,1,1,80,No,1,No
1376,54,Female,IT,QA Engineer,117239,7,2,3,2,3,58,No,5,No
1377,34,Female,Sales,Sales Executive,39045,15,1,4,2,5,42,No,3,No
1378,31,Male,R&D,Research Scientist,92949,20,1,1,4,3,55,Yes,1,Yes
1379,51,Male,R&D,Research Scientist,71622,2,2,2,4,2,70,Yes,3,Yes
1380,22,Male,HR,HR Manager,135356,12,7,4,1,4,72,Yes,1,Yes
1381,57,Female,R&D,Research Scientist,109754,1,7,3,1,2,45,No,4,No
1382,51,Female,Sales,Sales Manager,115318,5,10,3,4,3,13,No,4,No
1383,34,Male,IT,DevOps Engineer,25207,1,2,3,2,2,39,Yes,1,Yes
1384,55,Male,Finance,Accountant,104833,15,5,4,2,2,12,No,4,No
1385,55,Male,Sales,Sales Manager,83487,13,7,2,3,3,52,Yes,1,Yes
1386,38,Female,R&D,Research Scientist,137258,20,2,1,1,1,54,No,2,No
1387,31,Male,R&D,Lab Technician,104571,7,5,4,4,2,13,No,2,No
1388,49,Male,IT,QA Engineer,122507,20,7,3,2,4,76,No,3,No
1389,44,Female,Sales,Sales Executive,71071,17,6,3,2,2,74,No,1,No
1390,33,Female,Sales,Sales Executive,104678,16,9,1,2,2,37,No,1,No
1391,44,Male,IT,QA Engineer,77551,17,7,1,2,5,43,Yes,1,No
1392,50,Male,Finance,Financial Analyst,121122,0,10,3,1,3,33,Yes,4,No
1393,25,Female,Finance,Accountant,128550,18,2,1,2,4,50,No,5,No
1394,38,Female,HR,HR Executive,47441,0,10,1,4,2,46,No,5,Yes
1395,42,Male,IT,DevOps Engineer,113538,12,4,1,4,4,10,No,1,No
1396,25,Female,Sales,Sales Manager,126022,8,4,4,3,3,11,Yes,5,No
1397,38,Male,HR,HR Executive,32508,15,6,4,4,1,46,Yes,2,No
1398,35,Female,Sales,Sales Manager,138106,11,8,4,3,1,12,No,2,No
1399,58,Male,Finance,Accountant,126715,1,8,1,2,3,53,Yes,1,Yes
1400,57,Male,R&D,Lab Technician,91396,12,1,1,4,4,17,Yes,3,Yes
1401,49,Male,R&D,Research Scientist,73283,20,7,2,2,1,20,Yes,4,Yes
1402,56,Male,R&D,Lab Technician,41672,9,4,4,3,5,73,Yes,5,No
1403,58,Female,IT,DevOps Engineer,33199,1,5,1,4,2,34,Yes,1,Yes
1404,24,Female,R&D,Lab Technician,69131,10,8,4,2,4,64,Yes,4,No
1405,49,Female,HR,HR Executive,91240,7,9,4,3,5,41,No,3,Yes
1406,51,Male,Sales,Sales Executive,139577,4,5,3,4,5,24,No,1,No
1407,28,Male,IT,DevOps Engineer,66955,11,10,1,4,5,6,Yes,4,No
1408,30,Female,Finance,Accountant,131895,10,7,1,3,1,71,No,5,Yes
1409,43,Female,Sales,Sales Manager,105306,8,1,2,4,5,78,No,4,No
1410,44,Male,Finance,Financial Analyst,64067,3,9,4,1,5,55,Yes,4,No
1411,32,Female,IT,Software Engineer,76215,8,0,3,2,4,70,Yes,2,Yes
1412,47,Female,IT,Software Engineer,128688,9,10,1,3,3,76,No,5,No
1413,29,Male,R&D,Lab Technician,141311,3,10,3,1,1,46,Yes,4,No
1414,45,Female,HR,HR Executive,38989,14,8,2,2,2,4,Yes,4,No
1415,32,Female,IT,Software Engineer,50063,0,1,2,3,2,14,Yes,5,Yes
1416,42,Male,IT,Software Engineer,143557,4,5,2,2,2,77,No,2,Yes
1417,34,Female,Sales,Sales Executive,82293,2,5,1,4,4,32,No,1,Yes
1418,32,Male,R&D,Research Scientist,62153,10,5,1,4,4,47,Yes,3,Yes
1419,47,Female,HR,HR Executive,91221,11,10,1,1,2,18,No,2,Yes
1420,47,Male,HR,HR Executive,143389,3,2,1,3,5,16,No,3,No
1421,37,Male,HR,HR Executive,70745,1,6,4,1,2,7,No,4,No
1422,51,Female,IT,QA Engineer,116971,17,5,1,2,4,8,No,5,No
1423,31,Female,Finance,Accountant,34710,10,4,4,2,4,65,No,3,No
1424,43,Male,R&D,Lab Technician,96050,2,9,4,1,3,33,Yes,3,No
1425,22,Male,Sales,Sales Manager,122096,6,0,3,4,4,34,No,3,Yes
1426,48,Female,R&D,Research Scientist,34149,16,1,1,4,5,52,Yes,3,Yes
1427,39,Female,HR,HR Executive,78811,0,1,1,2,2,19,No,4,Yes
1428,44,Male,R&D,Research Scientist,133474,8,8,1,2,1,16,No,2,No
1429,50,Male,R&D,Research Scientist,93532,10,7,3,1,3,75,Yes,2,Yes
1430,40,Female,Finance,Accountant,81668,6,6,3,2,5,20,No,4,Yes
1431,44,Male,IT,Software Engineer,89601,19,1,4,1,5,7,Yes,1,No
1432,40,Female,Sales,Sales Executive,78353,14,2,1,1,3,23,Yes,3,Yes
1433,57,Female,HR,HR Manager,77433,9,3,3,2,1,48,No,5,No
1434,44,Female,HR,HR Manager,52044,8,8,1,1,4,53,Yes,5,No
1435,31,Male,Finance,Financial Analyst,127230,5,4,1,4,3,50,No,4,No
1436,49,Male,Finance,Accountant,126435,5,2,3,4,1,68,Yes,5,Yes
1437,44,Female,HR,HR Manager,66001,17,4,1,4,3,50,Yes,1,Yes
1438,57,Male,Sales,Sales Manager,141479,20,5,1,4,1,15,No,3,No
1439,52,Female,HR,HR Manager,149345,1,8,1,3,2,16,No,4,Yes
1440,46,Male,HR,HR Executive,148872,0,8,3,4,1,65,No,3,No
1441,27,Male,R&D,Research Scientist,106118,6,8,1,2,3,40,Yes,5,No
1442,30,Female,IT,Software Engineer,36644,5,5,4,4,5,2,Yes,1,Yes
1443,33,Male,IT,DevOps Engineer,15174,12,6,4,1,1,66,Yes,2,Yes
1444,36,Female,R&D,Lab Technician,100091,3,1,1,3,3,34,Yes,2,Yes
1445,54,Female,R&D,Lab Technician,85305,3,7,3,1,3,5,Yes,1,Yes
1446,54,Male,R&D,Lab Technician,118591,18,4,1,1,3,79,Yes,5,Yes
1447,56,Male,HR,HR Manager,73002,11,10,3,2,1,19,No,4,Yes
1448,44,Male,Sales,Sales Executive,106649,18,8,1,4,3,15,Yes,3,Yes
1449,39,Female,R&D,Lab Technician,68747,15,7,4,1,1,11,No,5,No
1450,32,Female,IT,QA Engineer,107036,11,0,2,1,5,56,No,4,Yes
1451,35,Male,Sales,Sales Manager,15887,0,1,4,1,3,68,Yes,3,Yes
1452,23,Female,Finance,Financial Analyst,92789,14,6,4,1,5,53,No,3,No
1453,50,Male,IT,DevOps Engineer,37931,17,9,1,1,2,61,Yes,5,Yes
1454,31,Male,Finance,Financial Analyst,110556,8,4,2,2,4,40,Yes,1,Yes
1455,48,Female,R&D,Lab Technician,141155,6,10,3,2,2,34,Yes,2,Yes
1456,45,Male,HR,HR Executive,91361,5,5,2,3,3,28,No,4,Yes
1457,48,Female,Sales,Sales Executive,83136,19,2,4,3,2,29,Yes,5,No
1458,55,Female,Sales,Sales Executive,143133,14,10,2,1,1,47,No,1,No
1459,57,Female,Sales,Sales Executive,69330,1,3,1,3,2,9,Yes,5,Yes
1460,36,Female,Sales,Sales Executive,63442,18,4,3,4,4,29,No,1,Yes
1461,49,Female,HR,HR Executive,75272,12,3,3,1,1,35,No,3,No
1462,22,Female,HR,HR Manager,121121,3,8,1,2,2,31,Yes,1,Yes
1463,31,Female,Finance,Accountant,97289,17,2,4,3,5,24,Yes,4,Yes
1464,36,Male,IT,QA Engineer,84212,8,10,2,3,4,16,No,3,Yes
1465,41,Female,Finance,Financial Analyst,108863,6,0,1,3,4,46,Yes,1,Yes
1466,26,Female,HR,HR Manager,20039,1,7,3,1,2,66,No,2,No
1467,54,Female,IT,Software Engineer,101346,15,1,2,4,2,37,No,3,No
1468,57,Male,IT,Software Engineer,29924,13,2,2,2,1,7,No,3,Yes
1469,38,Female,R&D,Lab Technician,23024,6,0,4,4,1,53,Yes,5,No
1470,30,Male,Finance,Financial Analyst,100178,20,1,1,2,3,59,Yes,2,Yes
1471,57,Male,Sales,Sales Manager,145299,10,4,3,4,2,62,Yes,3,No
1472,34,Female,HR,HR Manager,103835,6,10,2,4,4,78,Yes,1,Yes
1473,24,Female,Finance,Financial Analyst,28261,5,1,1,1,5,28,No,5,No
1474,31,Female,IT,QA Engineer,128499,20,1,3,3,5,46,Yes,4,No
1475,40,Female,R&D,Research Scientist,97722,3,4,1,4,4,59,Yes,3,Yes
1476,44,Female,IT,QA Engineer,72620,19,7,1,1,5,35,No,2,No
1477,37,Female,Finance,Financial Analyst,38408,20,8,2,3,5,34,Yes,1,Yes
1478,26,Female,R&D,Research Scientist,91240,11,6,4,3,1,72,No,5,No
1479,58,Female,Finance,Financial Analyst,108782,12,3,3,4,5,16,No,5,Yes
1480,23,Female,Sales,Sales Manager,138364,5,1,2,2,1,29,No,1,No
1481,53,Male,HR,HR Executive,56458,13,9,2,3,4,35,Yes,2,Yes
1482,30,Female,R&D,Research Scientist,125107,10,6,3,3,3,14,Yes,4,No
1483,45,Female,HR,HR Executive,137439,10,8,3,1,1,18,No,3,No
1484,31,Female,HR,HR Executive,23640,17,1,3,1,1,33,Yes,5,No
1485,34,Female,Finance,Accountant,85463,6,7,2,1,5,68,No,2,No
1486,24,Male,R&D,Lab Technician,126718,20,0,1,2,1,42,No,1,Yes
1487,24,Female,IT,Software Engineer,55142,20,10,4,2,4,15,Yes,1,Yes
1488,49,Female,R&D,Lab Technician,57056,0,8,2,4,1,50,No,1,Yes
1489,28,Female,IT,Software Engineer,15717,18,2,2,1,5,14,Yes,3,Yes
1490,32,Female,R&D,Research Scientist,84300,13,8,4,2,3,47,No,2,No
1491,53,Female,R&D,Research Scientist,148653,5,8,4,4,4,56,Yes,1,No
1492,39,Female,IT,QA Engineer,21476,12,5,3,4,5,66,Yes,3,Yes
1493,24,Female,Sales,Sales Manager,60095,3,10,4,4,3,29,No,3,No
1494,23,Female,Sales,Sales Manager,24277,16,8,4,3,4,60,No,1,No
1495,57,Male,Finance,Financial Analyst,83975,12,6,4,2,4,80,No,3,No
1496,58,Female,IT,Software Engineer,135018,11,10,3,4,1,5,Yes,5,Yes
1497,38,Male,Sales,Sales Executive,32374,2,4,4,2,4,61,No,2,No
1498,33,Female,Finance,Accountant,133028,10,5,4,4,3,56,Yes,5,Yes
1499,23,Male,Finance,Financial Analyst,21859,9,10,3,4,1,1,Yes,2,No
1500,33,Female,R&D,Lab Technician,64522,17,0,4,2,1,66,Yes,3,Yes